City_ID,City,Country,Date,Lat,Lng,Max Temp,Humidity,Cloudiness,Wind Speed,Description
0,Ferrol,ES,2021-11-08 02:47:23,43.4832,-8.2369,55.72,81,95,4.23,overcast clouds
1,Pisco,PE,2021-11-08 02:45:49,-13.7,-76.2167,65.01,82,0,5.75,clear sky
2,Tasiilaq,GL,2021-11-08 02:47:24,65.6145,-37.6368,26.76,75,100,5.97,overcast clouds
3,Batagay,RU,2021-11-08 02:47:24,67.6333,134.6333,-13.29,85,34,5.77,scattered clouds
4,Castro,BR,2021-11-08 02:47:18,-24.7911,-50.0119,58.82,96,88,6.89,overcast clouds
5,Takoradi,GH,2021-11-08 02:47:24,4.8845,-1.7554,78.12,88,77,6.96,broken clouds
6,Soure,BR,2021-11-08 02:47:25,-0.7167,-48.5233,80.47,78,59,7.67,broken clouds
7,Obo,CF,2021-11-08 02:47:25,5.3998,26.4869,67.59,97,96,3.51,overcast clouds
8,Dikson,RU,2021-11-08 02:47:25,73.5069,80.5464,9.36,95,100,0.98,overcast clouds
9,Hithadhoo,MV,2021-11-08 02:47:26,-0.6,73.0833,82.24,72,98,13.0,overcast clouds
10,Mogadishu,SO,2021-11-08 02:47:26,2.0371,45.3438,78.6,78,100,8.99,overcast clouds
11,Punta Arenas,CL,2021-11-08 02:42:57,-53.15,-70.9167,42.91,70,40,9.22,scattered clouds
12,Souillac,MU,2021-11-08 02:47:27,-20.5167,57.5167,77.36,83,40,8.05,scattered clouds
13,Esil,KZ,2021-11-08 02:47:27,51.9556,66.4042,32.09,42,96,14.58,overcast clouds
14,Almaznyy,RU,2021-11-08 02:47:27,48.0448,40.045,32.14,65,94,6.15,overcast clouds
15,Simao Dias,BR,2021-11-08 02:47:28,-10.7383,-37.8111,72.32,92,41,3.74,scattered clouds
16,Ushuaia,AR,2021-11-08 02:47:28,-54.8,-68.3,42.46,75,40,8.05,scattered clouds
17,Port Hedland,AU,2021-11-08 02:47:28,-20.3167,118.5667,82.45,54,30,19.57,scattered clouds
18,Pevek,RU,2021-11-08 02:47:29,69.7008,170.3133,8.06,90,100,8.14,overcast clouds
19,Hobart,AU,2021-11-08 02:45:57,-42.8794,147.3294,68.02,45,75,1.01,broken clouds
20,Jamestown,US,2021-11-08 02:47:27,42.097,-79.2353,47.71,83,1,1.01,clear sky
21,Terney,RU,2021-11-08 02:47:29,45.0503,136.6092,45.23,34,91,3.49,overcast clouds
22,Bluff,NZ,2021-11-08 02:47:30,-46.6,168.3333,61.5,64,88,9.91,overcast clouds
23,Honningsvag,NO,2021-11-08 02:47:30,70.9821,25.9704,29.8,94,100,6.04,light snow
24,Hermanus,ZA,2021-11-08 02:47:30,-34.4187,19.2345,57.9,73,56,3.78,broken clouds
25,Severo-Yeniseyskiy,RU,2021-11-08 02:47:31,60.3725,93.0408,26.49,88,100,14.43,overcast clouds
26,Vardo,NO,2021-11-08 02:47:31,70.3705,31.1107,31.3,60,98,16.6,overcast clouds
27,Morros,BR,2021-11-08 02:47:31,-9.4467,-46.3003,71.06,91,99,1.05,light rain
28,Kinablangan,PH,2021-11-08 02:47:32,7.6947,126.5503,85.42,71,7,4.65,clear sky
29,Severo-Kurilsk,RU,2021-11-08 02:47:32,50.6789,156.125,36.77,68,99,22.28,overcast clouds
30,Basoko,CD,2021-11-08 02:47:32,1.2391,23.616,72.43,95,99,1.88,overcast clouds
31,Mezhdurechenskiy,RU,2021-11-08 02:47:33,59.6,65.9333,32.68,98,100,9.08,light snow
32,Juneau,US,2021-11-08 02:45:03,58.3019,-134.4197,33.22,93,40,0.0,scattered clouds
33,Kapaa,US,2021-11-08 02:47:33,22.0752,-159.319,84.18,71,40,3.0,scattered clouds
34,Khatanga,RU,2021-11-08 02:47:34,71.9667,102.5,7.84,95,99,11.45,overcast clouds
35,Nikolskoye,RU,2021-11-08 02:47:34,59.7035,30.7861,37.87,97,100,9.73,moderate rain
36,Hilo,US,2021-11-08 02:47:34,19.7297,-155.09,74.93,87,90,5.75,light rain
37,Atuona,PF,2021-11-08 02:47:29,-9.8,-139.0333,78.39,75,9,16.71,clear sky
38,Guerrero Negro,MX,2021-11-08 02:47:35,27.9769,-114.0611,65.08,84,99,9.62,overcast clouds
39,The Pas,CA,2021-11-08 02:47:35,53.8251,-101.2541,32.02,93,20,3.44,few clouds
40,Chapais,CA,2021-11-08 02:47:35,49.7834,-74.8492,40.78,98,100,5.86,overcast clouds
41,Christchurch,NZ,2021-11-08 02:43:17,-43.5333,172.6333,67.48,73,90,4.0,overcast clouds
42,Albany,US,2021-11-08 02:43:18,42.6001,-73.9662,39.81,74,10,4.14,clear sky
43,Ribeira Grande,PT,2021-11-08 02:47:36,38.5167,-28.7,69.4,85,43,24.18,scattered clouds
44,Litovko,RU,2021-11-08 02:47:36,49.2361,135.1742,28.49,45,100,3.87,overcast clouds
45,Mataura,NZ,2021-11-08 02:47:23,-46.1927,168.8643,72.9,40,100,1.14,overcast clouds
46,Vaini,TO,2021-11-08 02:48:37,-21.2,-175.2,78.96,94,75,5.75,moderate rain
47,Bandarbeyla,SO,2021-11-08 02:48:37,9.4942,50.8122,76.69,70,80,8.48,broken clouds
48,Kirgiz-Miyaki,RU,2021-11-08 02:48:38,53.6324,54.7979,30.36,93,51,5.75,broken clouds
49,Cape Town,ZA,2021-11-08 02:46:08,-33.9258,18.4232,59.11,73,0,3.0,clear sky
50,Afonso Bezerra,BR,2021-11-08 02:48:38,-5.4983,-36.5056,76.96,79,16,10.31,few clouds
51,Ariquemes,BR,2021-11-08 02:48:39,-9.9133,-63.0408,71.56,98,97,2.26,overcast clouds
52,Puerto Ayora,EC,2021-11-08 02:48:39,-0.7393,-90.3518,69.51,81,45,8.12,scattered clouds
53,Lindi,TZ,2021-11-08 02:48:39,-10.0,39.7167,72.48,88,63,1.59,broken clouds
54,Brigantine,US,2021-11-08 02:48:40,39.4101,-74.3646,48.02,73,100,14.43,overcast clouds
55,Nanortalik,GL,2021-11-08 02:48:40,60.1432,-45.2371,30.87,61,100,1.14,overcast clouds
56,Hobyo,SO,2021-11-08 02:48:30,5.3505,48.5268,78.84,67,29,10.45,scattered clouds
57,Portland,US,2021-11-08 02:44:08,45.5234,-122.6762,47.61,92,90,1.01,overcast clouds
58,Zaysan,KZ,2021-11-08 02:48:41,47.4667,84.8667,19.74,72,1,0.34,clear sky
59,Te Anau,NZ,2021-11-08 02:48:41,-45.4167,167.7167,67.66,50,82,4.79,broken clouds
60,Busselton,AU,2021-11-08 02:47:26,-33.65,115.3333,68.04,48,3,10.04,clear sky
61,Yellowknife,CA,2021-11-08 02:48:42,62.456,-114.3525,27.41,99,90,5.75,light snow
62,Veinticinco De Mayo,AR,2021-11-08 02:48:42,-35.4323,-60.1727,63.05,83,1,5.14,clear sky
63,Rikitea,PF,2021-11-08 02:48:42,-23.1203,-134.9692,75.54,75,100,12.5,light rain
64,Cherskiy,RU,2021-11-08 02:48:43,68.75,161.3,-0.04,100,92,3.65,overcast clouds
65,Sao Joao Da Barra,BR,2021-11-08 02:43:46,-21.6403,-41.0511,70.75,76,100,6.78,overcast clouds
66,Beringovskiy,RU,2021-11-08 02:48:43,63.05,179.3167,15.67,91,29,6.73,scattered clouds
67,Luanda,AO,2021-11-08 02:45:03,-8.8368,13.2343,75.09,82,92,7.23,overcast clouds
68,Abhar,IR,2021-11-08 02:48:43,36.1468,49.218,35.01,29,0,4.68,clear sky
69,Mirnyy,RU,2021-11-08 02:48:44,62.5353,113.9611,25.56,91,100,9.66,overcast clouds
70,Amahai,ID,2021-11-08 02:48:44,-3.3333,128.9167,86.83,65,23,4.99,few clouds
71,Santa Rosa,PH,2021-11-08 02:48:45,14.3122,121.1114,87.12,73,53,11.81,broken clouds
72,Otuzco,PE,2021-11-08 02:48:45,-7.9,-78.5833,28.72,75,94,0.18,overcast clouds
73,Safford,US,2021-11-08 02:48:45,32.834,-109.7076,72.36,24,1,6.91,clear sky
74,Visby,SE,2021-11-08 02:48:46,57.6409,18.296,41.86,75,75,19.57,broken clouds
75,Longyearbyen,SJ,2021-11-08 02:48:46,78.2186,15.6401,13.84,67,75,3.44,broken clouds
76,Uray,RU,2021-11-08 02:48:46,60.1247,64.7758,33.33,97,100,10.38,overcast clouds
77,Port Elizabeth,ZA,2021-11-08 02:48:47,-33.918,25.5701,61.09,88,20,6.91,few clouds
78,Narsaq,GL,2021-11-08 02:48:47,60.9167,-46.05,30.42,81,100,1.95,overcast clouds
79,Ambovombe,MG,2021-11-08 02:48:47,-25.1667,46.0833,71.94,71,36,4.72,scattered clouds
80,Mount Gambier,AU,2021-11-08 02:48:48,-37.8333,140.7667,60.71,51,90,10.36,overcast clouds
81,Nome,US,2021-11-08 02:48:48,64.5011,-165.4064,21.27,79,90,11.5,light snow
82,Bintulu,MY,2021-11-08 02:48:48,3.1667,113.0333,82.81,88,20,5.01,few clouds
83,Quelimane,MZ,2021-11-08 02:48:49,-17.8786,36.8883,71.55,94,0,0.0,clear sky
84,Bouna,CI,2021-11-08 02:48:49,9.2667,-3.0,76.3,72,22,4.79,few clouds
85,Chilca,PE,2021-11-08 02:48:49,-12.5211,-76.7372,65.61,87,100,4.43,overcast clouds
86,Salmas,IR,2021-11-08 02:48:50,38.1973,44.7653,32.99,71,1,1.59,clear sky
87,Faanui,PF,2021-11-08 02:48:50,-16.4833,-151.75,79.52,74,23,9.53,few clouds
88,Qaanaaq,GL,2021-11-08 02:47:22,77.484,-69.3632,2.91,70,55,7.47,broken clouds
89,Inzer,RU,2021-11-08 02:48:51,54.2167,57.5556,34.56,95,100,2.84,snow
90,Takehara,JP,2021-11-08 02:48:51,34.3383,132.9167,73.22,82,75,9.22,broken clouds
91,Pedro Betancourt,CU,2021-11-08 02:48:51,22.7272,-81.29,72.14,74,1,6.29,clear sky
92,Maswa,TZ,2021-11-08 02:48:52,-2.6833,33.9833,66.07,67,17,1.63,few clouds
93,Tiksi,RU,2021-11-08 02:49:52,71.6872,128.8694,13.82,78,100,24.61,overcast clouds
94,Micheweni,TZ,2021-11-08 02:49:52,-4.9667,39.8333,75.51,83,85,3.44,overcast clouds
95,Mehamn,NO,2021-11-08 02:49:53,71.0357,27.8492,27.34,87,100,2.89,light snow
96,Bredasdorp,ZA,2021-11-08 02:49:53,-34.5322,20.0403,52.92,82,83,4.61,broken clouds
97,Waipawa,NZ,2021-11-08 02:49:53,-41.4122,175.5153,66.83,67,31,5.61,scattered clouds
98,Leningradskiy,RU,2021-11-08 02:49:54,69.3833,178.4167,8.8,83,61,10.2,broken clouds
99,Elbistan,TR,2021-11-08 02:49:54,38.2059,37.1983,48.79,44,97,1.01,overcast clouds
100,Srednekolymsk,RU,2021-11-08 02:49:54,67.45,153.6833,4.15,96,100,6.46,overcast clouds
101,Klingenthal,DE,2021-11-08 02:49:55,50.3667,12.4667,40.84,91,70,6.64,broken clouds
102,Upernavik,GL,2021-11-08 02:49:55,72.7868,-56.1549,9.86,76,5,6.17,clear sky
103,Ahipara,NZ,2021-11-08 02:49:55,-35.1667,173.1667,64.96,81,44,5.12,scattered clouds
104,Port Alfred,ZA,2021-11-08 02:47:24,-33.5906,26.891,64.42,86,100,7.74,light rain
105,Kourou,GF,2021-11-08 02:49:56,5.1552,-52.6478,81.1,88,99,8.05,overcast clouds
106,Emerald,AU,2021-11-08 02:49:56,-23.5333,148.1667,86.14,58,75,5.75,light rain
107,Guilin,CN,2021-11-08 02:49:57,25.2819,110.2864,51.91,44,80,15.57,broken clouds
108,Barrow,US,2021-11-08 02:49:57,71.2906,-156.7887,24.82,68,90,13.8,overcast clouds
109,Tambovka,RU,2021-11-08 02:49:58,50.0969,128.0489,17.71,59,93,8.39,overcast clouds
110,Ponta Do Sol,PT,2021-11-08 02:49:58,32.6667,-17.1,66.83,67,14,6.64,few clouds
111,Butaritari,KI,2021-11-08 02:49:59,3.0707,172.7902,82.06,70,13,10.85,few clouds
112,Trelew,AR,2021-11-08 02:50:00,-43.249,-65.3051,62.38,45,100,3.22,overcast clouds
113,Geraldton,AU,2021-11-08 02:50:00,-28.7667,114.6,72.01,49,15,14.97,few clouds
114,Roebourne,AU,2021-11-08 02:50:01,-20.7833,117.1333,84.63,33,3,15.01,clear sky
115,Luoyang,CN,2021-11-08 02:50:01,34.6836,112.4536,46.63,24,0,16.87,clear sky
116,Birjand,IR,2021-11-08 02:50:02,32.8663,59.2211,36.07,75,40,0.0,scattered clouds
117,Bambanglipuro,ID,2021-11-08 02:50:03,-7.95,110.2833,83.79,72,100,2.93,overcast clouds
118,Cabo San Lucas,MX,2021-11-08 02:49:01,22.8909,-109.9124,80.51,49,40,8.55,scattered clouds
119,Karratha,AU,2021-11-08 02:50:04,-20.7377,116.8463,81.55,39,3,16.91,clear sky
120,Barentu,ER,2021-11-08 02:50:04,15.1139,37.5928,72.93,45,11,2.04,few clouds
121,Remontnoye,RU,2021-11-08 02:50:05,46.5614,43.6501,39.61,70,100,7.2,overcast clouds
122,Kuminskiy,RU,2021-11-08 02:50:06,58.6667,66.5667,33.19,97,100,10.49,overcast clouds
123,Bud,US,2021-11-08 02:50:06,39.447,-86.1758,51.64,83,61,6.93,broken clouds
124,Victoria,HK,2021-11-08 02:47:50,22.2855,114.1577,72.25,66,46,5.99,scattered clouds
125,Kavieng,PG,2021-11-08 02:50:07,-2.5744,150.7967,85.12,69,9,16.87,light rain
126,Atkinson,US,2021-11-08 02:49:33,42.8384,-71.147,44.13,80,1,0.0,clear sky
127,Touros,BR,2021-11-08 02:50:07,-5.1989,-35.4608,81.5,77,81,12.28,broken clouds
128,Esperance,AU,2021-11-08 02:50:07,-33.8667,121.9,67.84,56,100,12.57,overcast clouds
129,Saint-Philippe,RE,2021-11-08 02:50:08,-21.3585,55.7679,74.75,79,40,9.69,scattered clouds
130,Kodiak,US,2021-11-08 02:47:38,57.79,-152.4072,31.55,90,97,12.88,light snow
131,Haines Junction,CA,2021-11-08 02:50:08,60.7522,-137.5108,3.15,85,8,0.0,clear sky
132,Mahebourg,MU,2021-11-08 02:49:45,-20.4081,57.7,77.25,83,40,8.05,scattered clouds
133,Berlevag,NO,2021-11-08 02:50:09,70.8578,29.0864,29.8,68,100,7.63,light snow
134,Galesong,ID,2021-11-08 02:50:09,-5.3166,119.3661,86.02,70,99,5.26,overcast clouds
135,Dunedin,NZ,2021-11-08 02:47:38,-45.8742,170.5036,64.8,68,44,7.18,scattered clouds
136,Namikupa,TZ,2021-11-08 02:50:10,-10.8333,39.6,67.66,98,32,2.48,scattered clouds
137,Bagotville,AU,2021-11-08 02:50:10,-28.9833,153.4167,80.42,82,100,6.6,overcast clouds
138,Riyadh,SA,2021-11-08 02:46:13,24.6877,46.7219,62.74,27,53,7.58,broken clouds
139,Avera,US,2021-11-08 02:51:11,33.194,-82.5271,48.7,51,0,6.82,clear sky
140,Hovd,MN,2021-11-08 02:51:11,48.0056,91.6419,22.78,42,0,1.03,clear sky
141,East London,ZA,2021-11-08 02:51:11,-33.0153,27.9116,64.51,93,100,8.66,light rain
142,Jawhar,SO,2021-11-08 02:51:12,2.7809,45.5005,73.9,85,91,5.99,overcast clouds
143,Hasaki,JP,2021-11-08 02:51:12,35.7333,140.8333,68.4,52,49,15.5,scattered clouds
144,Taoudenni,ML,2021-11-08 02:51:12,22.6783,-3.9836,68.36,22,0,15.68,clear sky
145,Lorengau,PG,2021-11-08 02:51:13,-2.0226,147.2712,83.03,79,43,10.38,scattered clouds
146,Half Moon Bay,US,2021-11-08 02:51:13,37.4636,-122.4286,57.06,78,1,1.01,clear sky
147,Portree,GB,2021-11-08 02:51:13,57.4129,-6.1942,47.86,84,100,11.16,overcast clouds
148,Russell,US,2021-11-08 02:49:46,32.3502,-85.1999,49.6,65,0,5.06,clear sky
149,Thompson,CA,2021-11-08 02:47:17,55.7435,-97.8558,35.76,87,75,2.3,broken clouds
150,Dicabisagan,PH,2021-11-08 02:51:14,17.0818,122.4157,83.3,78,74,5.03,broken clouds
151,Lasa,IT,2021-11-08 02:51:14,46.6166,10.7002,40.08,58,69,4.14,broken clouds
152,Avarua,CK,2021-11-08 02:48:48,-21.2078,-159.775,77.05,61,19,10.36,few clouds
153,Bathsheba,BB,2021-11-08 02:51:15,13.2167,-59.5167,81.21,74,40,13.8,scattered clouds
154,Nicoya,CR,2021-11-08 02:51:15,10.1483,-85.452,78.35,88,97,5.32,overcast clouds
155,Hisor,TJ,2021-11-08 02:51:15,38.525,68.5512,40.75,38,96,2.13,overcast clouds
156,Gravdal,NO,2021-11-08 02:51:16,68.1214,13.5031,38.8,59,75,11.36,broken clouds
157,Hambantota,LK,2021-11-08 02:51:16,6.1241,81.1185,77.34,100,20,4.61,few clouds
158,High Level,CA,2021-11-08 02:51:16,58.5169,-117.136,26.71,93,90,6.91,light snow
159,Acari,PE,2021-11-08 02:51:17,-15.4311,-74.6158,67.62,74,61,3.51,broken clouds
160,Cerkezkoy,TR,2021-11-08 02:51:17,41.285,28.0003,56.21,100,90,2.3,fog
161,Rabo De Peixe,PT,2021-11-08 02:51:17,37.8,-25.5833,69.28,84,40,14.97,scattered clouds
162,Kalat,PK,2021-11-08 02:51:18,29.0225,66.5916,50.97,34,1,2.59,clear sky
163,Kahului,US,2021-11-08 02:47:25,20.8947,-156.47,82.42,73,20,26.46,few clouds
164,Bethel,US,2021-11-08 02:51:18,41.3712,-73.414,47.23,69,1,3.44,clear sky
165,Nebaj,GT,2021-11-08 02:51:18,15.4058,-91.1461,57.78,96,75,2.53,broken clouds
166,Airai,TL,2021-11-08 02:51:19,-8.9266,125.4092,73.9,68,91,0.49,overcast clouds
167,Saint Anthony,US,2021-11-08 02:46:36,45.0205,-93.218,54.82,82,1,3.0,clear sky
168,Malinovoye Ozero,RU,2021-11-08 02:51:19,51.6753,79.7825,27.45,68,96,9.26,overcast clouds
169,Korla,CN,2021-11-08 02:51:20,41.7597,86.1469,28.62,28,0,3.24,clear sky
170,Chokurdakh,RU,2021-11-08 02:49:58,70.6333,147.9167,-14.62,94,88,6.46,overcast clouds
171,Norman Wells,CA,2021-11-08 02:51:20,65.282,-126.8329,12.24,85,90,12.66,light snow
172,Vao,NC,2021-11-08 02:51:20,-22.6667,167.4833,72.5,64,14,7.38,few clouds
173,Tuktoyaktuk,CA,2021-11-08 02:47:27,69.4541,-133.0374,21.2,86,90,10.36,overcast clouds
174,Balaipungut,ID,2021-11-08 02:51:22,1.05,101.2833,79.21,63,79,3.18,broken clouds
175,Okhotsk,RU,2021-11-08 02:51:22,59.3833,143.3,9.73,71,42,23.17,scattered clouds
176,Kita,ML,2021-11-08 02:51:22,13.0349,-9.4895,77.72,49,4,2.1,clear sky
177,Muli,MV,2021-11-08 02:51:23,2.9167,73.5667,82.74,73,100,15.9,overcast clouds
178,Itarema,BR,2021-11-08 02:49:32,-2.9248,-39.9167,78.37,82,77,6.93,broken clouds
179,Havre-Saint-Pierre,CA,2021-11-08 02:51:23,50.2334,-63.5986,44.6,93,90,3.44,overcast clouds
180,San Cristobal,VE,2021-11-08 02:51:23,7.7669,-72.225,75.38,90,98,1.74,overcast clouds
181,New Norfolk,AU,2021-11-08 02:51:24,-42.7826,147.0587,63.91,41,12,4.0,few clouds
182,Yeppoon,AU,2021-11-08 02:51:24,-23.1333,150.7333,87.58,63,79,12.77,broken clouds
183,Marystown,CA,2021-11-08 02:51:24,47.1666,-55.1483,46.85,100,20,10.45,few clouds
184,Coihaique,CL,2021-11-08 02:49:08,-45.5752,-72.0662,48.15,71,0,4.61,clear sky
185,Presidente Medici,BR,2021-11-08 02:51:25,-11.1753,-61.9014,71.64,96,74,1.66,broken clouds
186,Coruripe,BR,2021-11-08 02:52:25,-10.1256,-36.1756,76.41,89,42,10.42,scattered clouds
187,Paamiut,GL,2021-11-08 02:52:25,61.994,-49.6678,18.72,66,8,6.17,clear sky
188,San Pedro,PH,2021-11-08 02:52:26,14.35,121.0167,86.36,73,40,4.61,scattered clouds
189,Arraial Do Cabo,BR,2021-11-08 02:52:26,-22.9661,-42.0278,70.18,73,68,5.37,broken clouds
190,Waverly,US,2021-11-08 02:52:27,42.7392,-84.6208,53.53,78,1,5.75,clear sky
191,Quatre Cocos,MU,2021-11-08 02:52:27,-20.2078,57.7625,77.09,79,84,11.59,broken clouds
192,Georgetown,MY,2021-11-08 02:47:30,5.4112,100.3354,84.13,82,20,1.01,few clouds
193,Isangel,VU,2021-11-08 02:52:27,-19.55,169.2667,82.51,65,75,6.91,broken clouds
194,Adrar,MR,2021-11-08 02:52:28,20.5022,-10.0711,69.03,26,100,6.71,overcast clouds
195,Odda,NO,2021-11-08 02:52:28,60.0691,6.5457,45.77,95,100,1.77,overcast clouds
196,Fortuna,US,2021-11-08 02:52:28,40.5982,-124.1573,46.98,69,1,0.0,clear sky
197,Carnarvon,AU,2021-11-08 02:52:29,-24.8667,113.6333,71.67,56,76,16.11,broken clouds
198,Petropavlivka,UA,2021-11-08 02:52:29,48.4564,36.4367,47.84,58,99,10.6,light rain
199,Tiarei,PF,2021-11-08 02:52:30,-17.5333,-149.3333,78.82,76,15,6.42,light rain
200,Yerbogachen,RU,2021-11-08 02:52:30,61.2767,108.0108,27.46,93,100,12.03,light snow
201,Sompeta,IN,2021-11-08 02:52:30,18.9333,84.6,75.79,63,62,7.31,broken clouds
202,Menongue,AO,2021-11-08 02:52:31,-14.6585,17.691,63.46,76,100,1.9,overcast clouds
203,Port Keats,AU,2021-11-08 02:52:31,-14.25,129.55,90.39,57,53,11.03,broken clouds
204,Westport,US,2021-11-08 02:52:31,41.1415,-73.3579,51.19,75,100,6.06,overcast clouds
205,San Quintin,MX,2021-11-08 02:52:32,30.4833,-115.95,61.86,85,19,4.59,few clouds
206,Indramayu,ID,2021-11-08 02:52:32,-6.3264,108.32,83.79,68,100,5.14,moderate rain
207,Dingle,PH,2021-11-08 02:52:32,10.9995,122.6711,86.22,75,43,12.17,scattered clouds
208,Tual,ID,2021-11-08 02:52:33,-5.6667,132.75,84.79,73,36,7.31,scattered clouds
209,Kaffrine,SN,2021-11-08 02:52:33,14.1059,-15.5508,76.01,44,63,7.92,broken clouds
210,Lata,PT,2021-11-08 02:52:33,40.1629,-8.3327,49.05,63,99,3.83,overcast clouds
211,Klaksvik,FO,2021-11-08 02:52:34,62.2266,-6.589,45.52,82,99,21.88,overcast clouds
212,Pangnirtung,CA,2021-11-08 02:52:34,66.1451,-65.7125,15.8,62,1,12.66,clear sky
213,Tura,IN,2021-11-08 02:52:34,25.5198,90.2201,73.02,63,72,0.63,broken clouds
214,Cidreira,BR,2021-11-08 02:52:35,-30.1811,-50.2056,61.84,73,6,3.47,clear sky
215,Kudahuvadhoo,MV,2021-11-08 02:52:35,2.6708,72.8944,82.85,71,98,18.41,overcast clouds
216,Kaitangata,NZ,2021-11-08 02:52:35,-46.2817,169.8464,61.93,78,90,6.71,overcast clouds
217,Senanga,ZM,2021-11-08 02:52:36,-16.1167,23.2667,74.5,29,69,4.63,broken clouds
218,Adra,ES,2021-11-08 02:52:36,36.7496,-3.0206,51.66,34,0,4.32,clear sky
219,Saskylakh,RU,2021-11-08 02:52:36,71.9167,114.0833,13.55,93,100,9.26,overcast clouds
220,Sinnamary,GF,2021-11-08 02:52:37,5.3833,-52.95,78.98,86,100,10.58,overcast clouds
221,Lebu,CL,2021-11-08 02:52:37,-37.6167,-73.65,52.59,94,74,9.6,broken clouds
222,Tevaitoa,PF,2021-11-08 02:52:37,-16.7833,-151.5,78.73,77,17,10.83,light rain
223,Padang,ID,2021-11-08 02:52:38,-0.9492,100.3543,84.25,76,100,5.17,overcast clouds
224,Sitka,US,2021-11-08 02:52:38,57.0531,-135.33,44.49,57,20,6.91,few clouds
225,Port Augusta,AU,2021-11-08 02:52:38,-32.5,137.7667,74.71,36,100,11.41,overcast clouds
226,Walvis Bay,NA,2021-11-08 02:52:39,-22.9575,14.5053,54.09,82,3,3.44,clear sky
227,Ojinaga,MX,2021-11-08 02:52:39,29.5667,-104.4167,74.35,31,1,6.91,clear sky
228,Mar Del Plata,AR,2021-11-08 02:52:39,-38.0023,-57.5575,60.1,85,0,7.0,clear sky
229,Bambous Virieux,MU,2021-11-08 02:52:40,-20.3428,57.7575,77.22,83,40,8.05,scattered clouds
230,Pimentel,PE,2021-11-08 02:52:40,-6.8367,-79.9342,63.64,84,59,11.99,broken clouds
231,Pingxiang,CN,2021-11-08 02:52:40,27.6167,113.85,51.44,53,2,3.6,clear sky
232,Prince Rupert,CA,2021-11-08 02:53:41,54.3161,-130.3201,40.69,84,100,11.5,overcast clouds
233,La Primavera,CO,2021-11-08 02:53:41,5.4906,-70.4092,78.13,78,100,4.85,overcast clouds
234,Dickinson,US,2021-11-08 02:53:41,29.4608,-95.0513,62.94,87,0,5.88,clear sky
235,Kasempa,ZM,2021-11-08 02:53:42,-13.4584,25.8338,69.39,39,67,5.23,broken clouds
236,Nantucket,US,2021-11-08 02:53:42,41.2835,-70.0995,52.14,82,100,19.57,overcast clouds
237,Poso,ID,2021-11-08 02:53:42,-1.3959,120.7524,87.58,63,72,3.76,broken clouds
238,Udachnyy,RU,2021-11-08 02:53:43,66.4167,112.4,17.92,88,84,10.33,broken clouds
239,La Serena,CL,2021-11-08 02:53:43,-29.9078,-71.2542,54.91,87,0,4.61,clear sky
240,San Patricio,US,2021-11-08 02:53:43,28.017,-97.5169,70.83,73,0,6.82,clear sky
241,Castanas,PH,2021-11-08 02:53:44,13.8822,121.5517,86.09,69,59,9.28,broken clouds
242,Zihuatanejo,MX,2021-11-08 02:53:44,17.6333,-101.55,78.78,85,60,2.98,broken clouds
243,Nakhon Thai,TH,2021-11-08 02:53:44,17.1006,100.8374,85.19,79,20,3.96,few clouds
244,Bairiki,KI,2021-11-08 02:53:45,1.3292,172.9752,86.0,70,40,9.22,scattered clouds
245,Marawi,PH,2021-11-08 02:53:45,7.9986,124.2928,76.64,58,29,4.61,scattered clouds
246,Verkhnyaya Inta,RU,2021-11-08 02:53:45,65.9811,60.3094,22.01,95,100,6.49,overcast clouds
247,Kovdor,RU,2021-11-08 02:53:46,67.5662,30.4758,14.13,97,86,3.04,overcast clouds
248,College,US,2021-11-08 02:53:46,64.8569,-147.8028,24.58,92,90,3.44,mist
249,Lompoc,US,2021-11-08 02:53:46,34.6391,-120.4579,62.91,66,1,8.05,clear sky
250,Seoul,KR,2021-11-08 02:51:02,37.5683,126.9778,47.16,84,90,11.5,moderate rain
251,Naze,JP,2021-11-08 02:53:47,28.3667,129.4833,74.32,62,100,4.92,overcast clouds
252,Cedar City,US,2021-11-08 02:53:47,37.6775,-113.0619,49.19,42,0,7.36,clear sky
253,Camacha,PT,2021-11-08 02:53:47,33.0833,-16.3333,63.82,59,40,10.36,scattered clouds
254,Harwich,GB,2021-11-08 02:53:48,51.9419,1.2844,44.35,86,97,5.01,overcast clouds
255,Tuyen Quang,VN,2021-11-08 02:53:48,21.8233,105.2181,64.17,84,100,2.8,overcast clouds
256,Burnie,AU,2021-11-08 02:53:48,-41.0667,145.9167,61.57,47,8,10.16,clear sky
257,Totness,SR,2021-11-08 02:53:49,5.8833,-56.3167,78.44,86,84,9.73,broken clouds
258,Brae,GB,2021-11-08 02:53:49,60.3964,-1.353,40.91,66,98,3.67,overcast clouds
259,Penarroya-Pueblonuevo,ES,2021-11-08 02:53:49,38.3,-5.2667,43.45,54,0,3.85,clear sky
260,Dondo,MZ,2021-11-08 02:53:50,-19.6094,34.7431,71.11,93,0,4.72,clear sky
261,Saint George,US,2021-11-08 02:53:50,37.1041,-113.5841,68.95,30,1,1.99,clear sky
262,Alofi,NU,2021-11-08 02:53:51,-19.0595,-169.9187,78.69,78,54,12.66,light rain
263,Pangody,RU,2021-11-08 02:53:51,65.85,74.4859,23.43,96,100,11.32,light snow
264,Klyuchi,RU,2021-11-08 02:53:51,52.2667,79.1667,28.13,57,93,11.99,overcast clouds
265,Misratah,LY,2021-11-08 02:53:51,32.3754,15.0925,72.91,57,34,16.44,scattered clouds
266,Hervey Bay,AU,2021-11-08 02:53:52,-25.2986,152.8535,80.04,84,90,18.39,light rain
267,Mathbaria,BD,2021-11-08 02:53:53,22.2876,89.9593,74.79,70,15,6.98,few clouds
268,Hualmay,PE,2021-11-08 02:52:07,-11.0964,-77.6139,63.77,83,96,7.38,overcast clouds
269,Wattegama,LK,2021-11-08 02:53:53,6.7989,81.4808,76.12,91,100,2.98,overcast clouds
270,Salalah,OM,2021-11-08 02:53:53,17.0151,54.0924,75.65,67,19,2.89,few clouds
271,Provideniya,RU,2021-11-08 02:53:54,64.3833,-173.3,17.71,73,75,4.47,broken clouds
272,Stromness,GB,2021-11-08 02:53:54,58.965,-3.296,44.87,89,93,7.96,overcast clouds
273,Kyshtovka,RU,2021-11-08 02:53:54,56.555,76.6271,29.07,66,92,18.07,overcast clouds
274,Mizdah,LY,2021-11-08 02:53:55,31.4451,12.9801,66.07,31,14,1.25,few clouds
275,Atar,MR,2021-11-08 02:52:46,20.5169,-13.0499,72.0,29,62,5.86,broken clouds
276,Taitung,TW,2021-11-08 02:53:55,22.7583,121.1444,82.67,61,40,6.91,scattered clouds
277,Pangai,TO,2021-11-08 02:53:56,-19.8,-174.35,75.31,94,90,0.0,moderate rain
278,Nchelenge,ZM,2021-11-08 02:54:56,-9.3451,28.734,73.09,49,83,3.8,broken clouds
279,Pasco,US,2021-11-08 02:54:56,28.292,-82.4165,63.79,79,5,7.56,clear sky
280,Taltal,CL,2021-11-08 02:54:57,-25.4,-70.4833,62.83,70,0,5.03,clear sky
281,Nelson Bay,AU,2021-11-08 02:54:57,-32.7167,152.15,77.76,77,39,10.02,scattered clouds
282,Lagoa,PT,2021-11-08 02:54:57,39.05,-27.9833,68.23,85,4,21.88,clear sky
283,Skibbereen,IE,2021-11-08 02:54:58,51.55,-9.2667,53.4,97,100,10.76,light rain
284,Milkovo,RU,2021-11-08 02:54:58,54.7167,158.6167,31.23,63,45,5.48,scattered clouds
285,Biak,ID,2021-11-08 02:54:58,-0.9131,122.8766,83.71,73,85,1.7,overcast clouds
286,Honiara,SB,2021-11-08 02:54:59,-9.4333,159.95,85.57,69,61,5.08,broken clouds
287,Kingman,US,2021-11-08 02:54:59,35.1894,-114.053,68.18,32,5,5.84,clear sky
288,Mayo,US,2021-11-08 02:55:00,38.8876,-76.5119,50.13,73,100,10.94,overcast clouds
289,Suoyarvi,RU,2021-11-08 02:55:00,62.0833,32.35,31.84,89,100,11.18,light snow
290,Karachi,PK,2021-11-08 02:50:50,24.9056,67.0822,64.22,52,3,3.44,smoke
291,Torbay,CA,2021-11-08 02:55:01,47.6666,-52.7314,46.27,87,75,8.05,broken clouds
292,Amapa,BR,2021-11-08 02:55:01,1.0,-52.0,72.25,99,100,1.92,overcast clouds
293,Brazzaville,CG,2021-11-08 02:55:02,-4.2658,15.2832,77.31,88,39,4.61,light rain
294,Tilichiki,RU,2021-11-08 02:55:03,60.4667,166.1,23.34,97,100,8.43,snow
295,Mabaruma,GY,2021-11-08 02:55:04,8.2,-59.7833,73.17,99,98,1.36,overcast clouds
296,Rawson,AR,2021-11-08 02:55:04,-43.3002,-65.1023,59.99,56,100,2.55,overcast clouds
297,Nakhon Nayok,TH,2021-11-08 02:55:05,14.1667,101.1,88.02,76,63,5.14,broken clouds
298,Chuy,UY,2021-11-08 02:55:05,-33.6971,-53.4616,53.33,84,13,1.57,few clouds
299,General Roca,AR,2021-11-08 02:55:06,-39.0333,-67.5833,70.2,21,96,9.84,overcast clouds
300,Tres Picos,MX,2021-11-08 02:55:06,15.8667,-93.5333,74.05,62,100,7.38,overcast clouds
301,Annau,TM,2021-11-08 02:55:07,37.8876,58.516,36.9,87,40,2.3,scattered clouds
302,Aki,JP,2021-11-08 02:55:07,33.5,133.9,73.35,70,100,18.45,overcast clouds
303,Ostrovnoy,RU,2021-11-08 02:55:07,68.0531,39.5131,23.0,89,99,11.81,light snow
304,Islamkot,PK,2021-11-08 02:55:08,24.6997,70.177,78.46,22,59,7.29,broken clouds
305,Kruisfontein,ZA,2021-11-08 02:55:08,-34.0033,24.7314,56.88,89,100,4.32,overcast clouds
306,Lavrentiya,RU,2021-11-08 02:55:08,65.5833,-171.0,9.91,83,7,7.25,clear sky
307,Ambilobe,MG,2021-11-08 02:54:18,-13.2,49.05,76.14,72,6,2.73,clear sky
308,Vestmannaeyjar,IS,2021-11-08 02:55:09,63.4427,-20.2734,40.44,91,100,45.32,overcast clouds
309,Suntar,RU,2021-11-08 02:55:09,62.1444,117.6319,28.26,92,100,9.95,light snow
310,Madison,US,2021-11-08 02:54:56,34.7334,-86.5667,48.88,81,1,0.0,clear sky
311,Biu,NG,2021-11-08 02:55:10,10.6129,12.1946,73.63,35,89,4.36,overcast clouds
312,Ransang,PH,2021-11-08 02:55:10,8.9603,117.5828,85.95,71,98,2.44,light rain
313,Port-Cartier,CA,2021-11-08 02:55:10,50.0334,-66.8654,43.75,78,99,6.76,overcast clouds
314,Flin Flon,CA,2021-11-08 02:55:11,54.7682,-101.865,32.88,77,99,3.53,overcast clouds
315,Luau,AO,2021-11-08 02:55:11,-10.7073,22.2247,64.51,77,59,2.37,broken clouds
316,Zhigansk,RU,2021-11-08 02:55:11,66.7697,123.3711,7.47,94,100,27.29,light snow
317,Kysyl-Syr,RU,2021-11-08 02:55:12,63.8986,122.7617,21.61,95,100,9.55,snow
318,Mount Pleasant,US,2021-11-08 02:54:49,32.7941,-79.8626,53.82,71,1,1.01,clear sky
319,Yumen,CN,2021-11-08 02:55:12,40.2833,97.2,25.48,30,16,12.64,few clouds
320,West Wendover,US,2021-11-08 02:51:42,40.7391,-114.0733,46.22,65,100,2.37,overcast clouds
321,Tera,NE,2021-11-08 02:55:13,14.0078,0.7531,80.17,15,100,4.94,overcast clouds
322,Bengkulu,ID,2021-11-08 02:55:13,-3.8004,102.2655,82.06,70,100,5.23,light rain
323,Labytnangi,RU,2021-11-08 02:55:14,66.6572,66.4183,19.26,88,100,5.88,overcast clouds
324,Talnakh,RU,2021-11-08 02:56:14,69.4865,88.3972,17.19,96,100,7.09,light snow
325,Koslan,RU,2021-11-08 02:56:14,63.4564,48.8989,26.83,91,100,5.01,overcast clouds
326,Jaitaran,IN,2021-11-08 02:56:15,26.2031,73.9364,76.46,27,91,3.36,overcast clouds
327,Goundi,TD,2021-11-08 02:56:15,9.3627,17.366,75.72,57,100,1.88,overcast clouds
328,Meulaboh,ID,2021-11-08 02:56:15,4.1363,96.1285,76.32,94,100,6.06,overcast clouds
329,Oyama,JP,2021-11-08 02:56:16,36.3,139.8,69.58,62,96,3.47,overcast clouds
330,Ipatinga,BR,2021-11-08 02:56:16,-19.4683,-42.5367,75.27,94,0,1.14,clear sky
331,Koudougou,BF,2021-11-08 02:56:16,12.25,-2.3667,79.5,31,88,4.43,overcast clouds
332,Tuatapere,NZ,2021-11-08 02:56:17,-46.1333,167.6833,67.48,50,99,4.65,overcast clouds
333,Griffith,US,2021-11-08 02:56:17,41.5284,-87.4237,57.88,70,1,1.01,clear sky
334,Benguela,AO,2021-11-08 02:56:17,-12.5763,13.4055,74.91,82,100,3.8,overcast clouds
335,Gat,IL,2021-11-08 02:56:18,31.61,34.7642,71.4,31,0,1.54,clear sky
336,Matara,LK,2021-11-08 02:56:18,5.9485,80.5353,76.84,87,100,12.03,overcast clouds
337,Jesus Maria,AR,2021-11-08 02:56:18,-30.9815,-64.0942,63.95,77,3,5.46,clear sky
338,Husavik,IS,2021-11-08 02:56:19,66.0449,-17.3389,31.91,97,100,12.48,light snow
339,Quebo,GW,2021-11-08 02:56:19,11.3333,-14.9333,76.68,93,39,3.15,scattered clouds
340,Coahuayana,MX,2021-11-08 02:56:19,18.7333,-103.6833,76.73,87,100,2.1,overcast clouds
341,Deputatskiy,RU,2021-11-08 02:56:20,69.3,139.9,-17.43,83,3,2.62,clear sky
342,Ucluelet,CA,2021-11-08 02:52:51,48.9329,-125.5528,41.09,87,91,11.36,overcast clouds
343,Puerto Ayacucho,VE,2021-11-08 02:56:20,5.6639,-67.6236,76.21,89,100,3.49,overcast clouds
344,Bichura,RU,2021-11-08 02:56:20,50.5881,107.6022,27.36,42,80,3.22,broken clouds
345,Humacao,PR,2021-11-08 02:56:21,18.1497,-65.8274,77.74,93,12,3.0,few clouds
346,Smolenka,RU,2021-11-08 02:56:21,52.1352,113.4974,21.27,73,40,0.0,scattered clouds
347,Dubrovka,RU,2021-11-08 02:56:21,53.6907,33.5071,42.78,88,100,14.65,moderate rain
348,Yanam,IN,2021-11-08 02:56:22,16.7333,82.2167,77.4,64,53,8.59,broken clouds
349,Ginda,IN,2021-11-08 02:56:22,30.6945,78.4932,57.27,26,0,0.89,clear sky
350,Boende,CD,2021-11-08 02:56:22,-0.2167,20.8667,71.01,97,97,1.88,overcast clouds
351,Burgersdorp,ZA,2021-11-08 02:56:23,-30.9977,26.3286,58.14,76,84,5.32,light rain
352,Sechura,PE,2021-11-08 02:56:23,-5.5569,-80.8222,65.08,79,52,12.75,broken clouds
353,Dauriya,RU,2021-11-08 02:56:23,49.9333,116.8667,23.23,46,0,4.52,clear sky
354,Vuktyl,RU,2021-11-08 02:56:24,63.8567,57.3094,30.24,97,100,5.41,light snow
355,Monrovia,LR,2021-11-08 02:56:24,6.3005,-10.7969,78.06,86,45,4.14,light rain
356,Magadan,RU,2021-11-08 02:56:24,59.5667,150.8,24.53,90,100,10.38,light snow
357,Richards Bay,ZA,2021-11-08 02:56:24,-28.783,32.0377,70.05,96,100,3.38,overcast clouds
358,Pulawy,PL,2021-11-08 02:56:25,51.4166,21.9694,44.94,77,72,12.95,broken clouds
359,Ust-Nera,RU,2021-11-08 02:56:25,64.5667,143.2,-11.7,97,71,5.91,broken clouds
360,Yueyang,CN,2021-11-08 02:55:16,29.3333,113.0919,50.29,43,89,6.89,overcast clouds
361,Jacareacanga,BR,2021-11-08 02:56:26,-6.2222,-57.7528,72.66,89,82,0.49,broken clouds
362,Coquimbo,CL,2021-11-08 02:56:26,-29.9533,-71.3436,55.13,87,0,4.61,clear sky
363,Port Blair,IN,2021-11-08 02:56:26,11.6667,92.75,84.24,84,40,11.5,scattered clouds
364,Bubaque,GW,2021-11-08 02:56:27,11.2833,-15.8333,82.33,77,30,8.88,moderate rain
365,Flinders,AU,2021-11-08 02:56:27,-34.5833,150.8552,73.8,81,28,4.0,moderate rain
366,Oriximina,BR,2021-11-08 02:56:27,-1.7656,-55.8661,77.09,84,85,2.53,overcast clouds
367,Eydhafushi,MV,2021-11-08 02:56:28,5.1033,73.0708,82.09,77,100,17.07,overcast clouds
368,Sao Filipe,CV,2021-11-08 02:56:28,14.8961,-24.4956,78.01,74,100,7.23,overcast clouds
369,Maningrida,AU,2021-11-08 02:56:28,-12.0667,134.2667,91.72,52,12,10.63,few clouds
370,Kananga,CD,2021-11-08 02:56:29,-5.8958,22.4178,66.6,97,100,1.39,overcast clouds
371,Doha,QA,2021-11-08 02:57:10,25.2867,51.5333,80.58,65,0,4.61,clear sky
372,Kolokani,ML,2021-11-08 02:57:29,13.5728,-8.0339,78.93,37,3,3.85,clear sky
373,Salinopolis,BR,2021-11-08 02:57:30,-0.6136,-47.3561,78.33,87,51,7.16,broken clouds
374,Cabra,ES,2021-11-08 02:57:30,37.4725,-4.4421,49.39,65,0,4.68,clear sky
375,Makakilo City,US,2021-11-08 02:57:30,21.3469,-158.0858,80.56,64,90,10.36,overcast clouds
376,Kvam,NO,2021-11-08 02:57:31,61.6656,9.6898,31.78,97,100,2.73,overcast clouds
377,Usinsk,RU,2021-11-08 02:57:31,65.9939,57.5281,20.5,93,100,7.87,overcast clouds
378,West Plains,US,2021-11-08 02:57:31,36.7281,-91.8524,52.83,74,1,6.93,clear sky
379,Pontivy,FR,2021-11-08 02:57:32,48.0,-3.0,51.44,93,13,3.62,few clouds
380,Almeirim,BR,2021-11-08 02:57:32,-1.5233,-52.5817,79.47,74,99,1.99,overcast clouds
381,Broken Hill,AU,2021-11-08 02:57:32,-31.95,141.4333,67.71,42,75,9.22,broken clouds
382,Grindavik,IS,2021-11-08 02:57:33,63.8424,-22.4338,39.67,87,90,42.57,overcast clouds
383,Loa Janan,ID,2021-11-08 02:57:33,-0.583,117.095,76.82,96,100,2.64,overcast clouds
384,Marsa Matruh,EG,2021-11-08 02:57:33,31.3525,27.2453,62.8,88,0,3.44,clear sky
385,Severnyy-Kospashskiy,RU,2021-11-08 02:57:34,59.0925,57.8008,33.6,100,100,9.75,overcast clouds
386,Saldanha,ZA,2021-11-08 02:57:34,-33.0117,17.9442,59.05,75,88,20.27,overcast clouds
387,Vylkove,UA,2021-11-08 02:57:34,45.4021,29.586,54.28,94,48,7.25,scattered clouds
388,Ilulissat,GL,2021-11-08 02:57:35,69.2167,-51.1,-0.38,69,7,7.81,clear sky
389,Robertsport,LR,2021-11-08 02:57:35,6.7533,-11.3686,79.18,80,96,1.16,light rain
390,Tautira,PF,2021-11-08 02:57:35,-17.7333,-149.15,78.82,77,20,7.4,light rain
391,Shache,CN,2021-11-08 02:57:36,38.4167,77.2406,33.66,38,0,4.56,clear sky
392,Belmonte,BR,2021-11-08 02:57:36,-15.8631,-38.8828,77.5,89,100,1.9,overcast clouds
393,Pacifica,US,2021-11-08 02:53:29,37.6138,-122.4869,56.88,76,20,3.0,few clouds
394,Navahrudak,BY,2021-11-08 02:57:37,53.6,25.8333,42.57,80,85,15.73,overcast clouds
395,Cockburn Town,TC,2021-11-08 02:57:37,21.4612,-71.1419,81.86,74,99,7.02,overcast clouds
396,Tayu,ID,2021-11-08 02:57:37,-6.5397,111.0518,86.09,65,100,2.84,overcast clouds
397,Ust-Kuyga,RU,2021-11-08 02:57:38,70.0167,135.6,-15.61,90,59,9.37,broken clouds
398,Kunnamangalam,IN,2021-11-08 02:57:38,11.3046,75.8777,79.43,85,70,1.86,broken clouds
399,Sorong,ID,2021-11-08 02:57:38,-0.8833,131.25,84.9,73,9,5.32,clear sky
400,Batemans Bay,AU,2021-11-08 02:57:39,-35.7167,150.1833,78.98,86,92,7.94,light rain
401,Chifeng,CN,2021-11-08 02:55:03,42.2683,118.9636,24.44,58,100,26.31,overcast clouds
402,Saint-Augustin,CA,2021-11-08 02:57:39,51.226,-58.6502,38.84,87,100,5.03,overcast clouds
403,Pastavy,BY,2021-11-08 02:57:39,55.1168,26.8326,43.03,80,100,16.46,overcast clouds
404,Baraki Barak,AF,2021-11-08 02:56:37,33.9675,68.9486,46.22,57,1,1.14,clear sky
405,Quesnel,CA,2021-11-08 02:57:40,52.9999,-122.5029,32.5,93,90,0.0,overcast clouds
406,Diffa,NE,2021-11-08 02:57:40,13.3154,12.6113,78.75,24,92,9.48,overcast clouds
407,Tommot,RU,2021-11-08 02:57:40,58.9564,126.2925,23.63,62,100,7.23,overcast clouds
408,Guane,CU,2021-11-08 02:57:41,22.2025,-84.0875,65.57,74,0,5.12,clear sky
409,Alenquer,BR,2021-11-08 02:57:41,-1.9417,-54.7383,75.54,78,83,2.91,broken clouds
410,Shirokiy,RU,2021-11-08 02:57:42,49.758,129.523,25.02,62,100,8.28,overcast clouds
411,Verkhnyaya Sinyachikha,RU,2021-11-08 02:57:42,57.976,61.6673,36.46,76,100,12.44,overcast clouds
412,Vilhena,BR,2021-11-08 02:57:42,-12.7406,-60.1458,66.88,97,73,1.63,broken clouds
413,Grafton,US,2021-11-08 02:57:43,42.207,-71.6856,42.76,69,100,3.29,overcast clouds
414,Vila Velha,BR,2021-11-08 02:57:43,-20.3297,-40.2925,71.55,91,90,1.01,overcast clouds
415,Carauari,BR,2021-11-08 02:57:43,-4.8828,-66.8958,72.93,98,68,1.48,broken clouds
416,Komsomolskiy,UZ,2021-11-08 02:57:44,40.4272,71.7189,36.82,69,75,4.61,haze
417,Shenkursk,RU,2021-11-08 02:58:44,62.1091,42.896,32.27,93,100,2.53,overcast clouds
418,Ancud,CL,2021-11-08 02:58:44,-41.8697,-73.8203,54.43,95,94,2.28,overcast clouds
419,Opole Lubelskie,PL,2021-11-08 02:58:45,51.1478,21.969,44.8,75,82,11.99,broken clouds
420,Mangai,CD,2021-11-08 02:58:45,-4.05,19.5333,69.28,99,100,0.89,overcast clouds
421,Sinjai,ID,2021-11-08 02:58:45,-5.1241,120.253,89.06,59,93,6.13,overcast clouds
422,Columbus,US,2021-11-08 02:58:21,39.9612,-82.9988,49.71,82,1,3.44,clear sky
423,Bac Lieu,VN,2021-11-08 02:58:46,9.285,105.7244,84.04,79,100,16.35,overcast clouds
424,Markivka,UA,2021-11-08 02:58:46,49.5229,39.5705,44.64,69,100,7.85,overcast clouds
425,Jumla,NP,2021-11-08 02:58:46,29.2747,82.1838,55.17,23,0,1.66,clear sky
426,Neepawa,CA,2021-11-08 02:58:47,50.2289,-99.4664,37.8,55,0,11.43,clear sky
427,Beira,MZ,2021-11-08 02:58:47,-19.8436,34.8389,71.69,100,20,5.01,fog
428,Beian,NO,2021-11-08 02:58:47,63.6559,9.5683,36.01,86,0,10.36,clear sky
429,Qaqortoq,GL,2021-11-08 02:58:48,60.7167,-46.0333,25.86,83,100,3.36,overcast clouds
430,Zhezkazgan,KZ,2021-11-08 02:58:48,47.8043,67.7144,28.9,38,0,7.18,clear sky
431,Podor,MR,2021-11-08 02:58:48,16.6527,-14.9587,80.64,23,28,13.13,scattered clouds
432,Trojan,PL,2021-11-08 02:58:49,53.7897,20.2404,43.09,83,74,12.24,broken clouds
433,Rio Muerto,MX,2021-11-08 02:58:49,27.4167,-110.2333,75.51,38,4,3.24,clear sky
434,Slave Lake,CA,2021-11-08 02:58:49,55.2834,-114.769,31.98,55,1,5.75,clear sky
435,Faya,SA,2021-11-08 02:58:50,18.3851,42.4509,48.72,44,0,1.21,clear sky
436,Hofn,IS,2021-11-08 02:58:50,64.2539,-15.2082,39.18,98,100,14.0,moderate rain
437,Saint-Francois,FR,2021-11-08 02:58:51,46.4154,3.9054,45.84,93,90,3.44,overcast clouds
438,Katsuura,JP,2021-11-08 02:58:51,35.1333,140.3,70.2,55,73,17.13,broken clouds
439,Cabedelo,BR,2021-11-08 02:58:52,-6.9811,-34.8339,79.47,80,64,9.93,broken clouds
440,Codrington,AU,2021-11-08 02:58:52,-38.2667,141.9667,60.08,54,92,6.06,overcast clouds
441,Comodoro Rivadavia,AR,2021-11-08 02:58:52,-45.8667,-67.5,58.86,63,0,16.11,clear sky
442,Tucuma,BR,2021-11-08 02:58:52,-0.1833,-50.05,76.48,91,100,5.35,overcast clouds
443,America Dourada,BR,2021-11-08 02:58:53,-11.4553,-41.4361,69.6,96,100,2.93,heavy intensity rain
444,Praia Da Vitoria,PT,2021-11-08 02:58:53,38.7333,-27.0667,70.05,83,75,19.44,broken clouds
445,Ust-Tsilma,RU,2021-11-08 02:58:53,65.441,52.1498,21.34,96,48,3.36,scattered clouds
446,Maarianhamina,AX,2021-11-08 02:58:54,60.0973,19.9348,35.46,80,75,12.66,broken clouds
447,Svetlaya,RU,2021-11-08 02:58:54,46.5389,138.3297,41.88,32,99,3.22,overcast clouds
448,Saint-Joseph,RE,2021-11-08 02:58:55,-21.3667,55.6167,73.76,77,18,9.42,few clouds
449,Pishin,PK,2021-11-08 02:58:55,30.5803,66.9961,55.4,35,0,3.02,clear sky
450,Prachuap Khiri Khan,TH,2021-11-08 02:58:55,12.2167,99.75,82.71,69,84,4.52,broken clouds
451,Bakchar,RU,2021-11-08 02:58:56,57.0186,82.0711,30.67,67,100,13.67,overcast clouds
452,Sorland,NO,2021-11-08 02:58:56,67.667,12.6934,41.2,53,97,13.96,overcast clouds
453,Charyshskoye,RU,2021-11-08 02:58:56,51.3978,83.5598,27.05,80,42,4.72,scattered clouds
454,Pandan,PH,2021-11-08 02:58:57,14.0453,124.1694,82.69,86,99,13.29,overcast clouds
455,Batagay-Alyta,RU,2021-11-08 02:58:57,67.8006,130.4114,-6.11,82,91,3.56,overcast clouds
456,Thunder Bay,CA,2021-11-08 02:56:26,48.4001,-89.3168,48.99,93,90,2.3,overcast clouds
457,Kastamonu,TR,2021-11-08 02:58:58,41.5,33.6667,51.12,74,95,0.13,overcast clouds
458,Antioquia,CO,2021-11-08 02:58:58,7.0,-75.5,53.92,97,100,2.48,overcast clouds
459,Yakuplu,TR,2021-11-08 02:59:58,40.9889,28.6758,57.0,94,90,0.0,mist
460,Kaniama,CD,2021-11-08 02:59:59,-7.5667,24.1833,63.55,92,64,2.68,broken clouds
461,Nishihara,JP,2021-11-08 02:59:59,26.1842,127.7558,78.46,73,90,9.22,overcast clouds
462,Clarence Town,AU,2021-11-08 02:59:59,-32.5833,151.7833,77.61,58,39,6.49,scattered clouds
463,Salina,US,2021-11-08 02:55:11,38.8403,-97.6114,65.3,46,0,17.78,clear sky
464,Gizo,SB,2021-11-08 03:00:00,-8.103,156.8419,84.45,69,70,5.37,light rain
465,Linhares,BR,2021-11-08 03:00:01,-19.3911,-40.0722,69.57,92,99,3.04,overcast clouds
466,Mrakovo,RU,2021-11-08 03:00:02,52.7161,56.6244,32.34,88,92,4.7,overcast clouds
467,Puro,PH,2021-11-08 03:00:02,12.4841,123.3827,85.82,72,34,10.69,scattered clouds
468,Ulagan,RU,2021-11-08 03:00:03,50.6321,87.9563,16.5,69,28,1.54,scattered clouds
469,Muswellbrook,AU,2021-11-08 03:00:05,-32.2667,150.9,79.79,45,49,7.58,scattered clouds
470,Vicuna,CL,2021-11-08 02:55:41,-30.0319,-70.7081,47.93,46,0,0.72,clear sky
471,Kendari,ID,2021-11-08 03:00:08,-3.945,122.4989,86.99,66,61,4.5,broken clouds
472,Tarko-Sale,RU,2021-11-08 03:00:08,64.9225,77.785,32.81,98,100,17.76,light snow
473,Mount Isa,AU,2021-11-08 03:00:09,-20.7333,139.5,85.77,58,53,10.36,light rain
474,Vaitape,PF,2021-11-08 03:00:10,-16.5167,-151.75,79.47,74,23,9.57,few clouds
475,Inuvik,CA,2021-11-08 03:00:11,68.3499,-133.7218,4.32,97,95,3.91,overcast clouds
476,Verkhnevilyuysk,RU,2021-11-08 03:00:11,63.4453,120.3167,25.21,93,100,9.28,light snow
477,Alugan,PH,2021-11-08 03:00:12,12.2188,125.4808,83.75,81,83,9.44,light rain
478,Wanning,CN,2021-11-08 03:00:13,18.8003,110.3967,73.51,86,59,18.48,light rain
479,Yaring,TH,2021-11-08 03:00:13,6.8662,101.3689,90.14,69,36,10.54,light rain
480,Sur,OM,2021-11-08 03:00:14,22.5667,59.5289,76.3,56,0,1.88,clear sky
481,Kjollefjord,NO,2021-11-08 03:00:15,70.9457,27.3465,27.0,93,100,1.48,light snow
482,Vanavara,RU,2021-11-08 03:00:16,60.34,102.2797,29.43,88,100,12.53,overcast clouds
483,Pacific Grove,US,2021-11-08 03:00:16,36.6177,-121.9166,56.43,81,56,1.99,broken clouds
484,Caravelas,BR,2021-11-08 03:00:17,-17.7125,-39.2481,72.36,83,95,3.42,overcast clouds
485,Cotonou,BJ,2021-11-08 02:59:01,6.3654,2.4183,76.98,94,20,0.0,few clouds
486,Veraval,IN,2021-11-08 02:56:53,20.9,70.3667,79.95,45,95,10.87,overcast clouds
487,Gotsu,JP,2021-11-08 03:00:18,35.0,132.2167,70.39,63,100,15.77,overcast clouds
488,Yinchuan,CN,2021-11-08 02:55:26,38.4681,106.2731,26.78,36,0,4.25,clear sky
489,Evensk,RU,2021-11-08 03:00:19,61.95,159.2333,24.98,93,100,4.59,snow
490,Twentynine Palms,US,2021-11-08 03:00:20,34.1356,-116.0542,71.24,20,0,4.0,clear sky
491,Gigmoto,PH,2021-11-08 03:00:21,13.7796,124.39,82.87,85,100,11.88,moderate rain
492,Cuamba,MZ,2021-11-08 03:00:21,-14.8031,36.5372,70.93,47,5,4.16,clear sky
493,Huarmey,PE,2021-11-08 03:00:22,-10.0681,-78.1522,63.9,85,98,6.44,overcast clouds
494,Farafangana,MG,2021-11-08 03:00:23,-22.8167,47.8333,74.34,86,93,8.9,overcast clouds
495,Santiago Del Estero,AR,2021-11-08 03:00:24,-27.7951,-64.2615,65.8,68,6,4.52,clear sky
496,Olafsvik,IS,2021-11-08 02:57:15,64.8945,-23.7142,36.43,98,100,29.42,light rain
497,Paso De Los Toros,UY,2021-11-08 03:00:24,-32.8167,-56.5167,56.71,84,56,8.63,broken clouds
498,Guiratinga,BR,2021-11-08 03:00:25,-16.3494,-53.7583,73.42,89,94,0.49,overcast clouds
499,Black River,JM,2021-11-08 03:00:25,18.0264,-77.8487,76.98,87,42,4.7,scattered clouds
500,Nahariyya,IL,2021-11-08 03:00:26,33.0059,35.0941,73.18,33,1,6.93,clear sky
501,Sobolevo,RU,2021-11-08 03:00:26,54.4299,31.8996,41.11,90,100,14.32,light rain
502,Zabol,AF,2021-11-08 03:00:27,32.25,67.25,48.29,48,0,1.57,clear sky
503,Elko,US,2021-11-08 03:00:28,41.0002,-115.5012,39.63,54,70,5.99,broken clouds
504,Guadalupe Y Calvo,MX,2021-11-08 03:00:28,26.1,-106.9667,55.81,68,97,1.97,overcast clouds
505,Muravlenko,RU,2021-11-08 03:01:28,63.7898,74.523,32.56,95,100,17.81,overcast clouds
506,Pinega,RU,2021-11-08 03:01:29,64.7001,43.3936,25.5,84,9,3.31,clear sky
507,Maniitsoq,GL,2021-11-08 03:01:29,65.4167,-52.9,21.27,59,1,4.81,clear sky
508,Poya,NC,2021-11-08 03:01:29,-21.35,165.15,80.1,61,96,6.76,overcast clouds
509,Geilo,NO,2021-11-08 03:01:30,60.5333,8.2076,33.55,88,100,3.0,light snow
510,Yichun,CN,2021-11-08 02:59:24,47.7,128.9,25.41,81,100,9.26,snow
511,Kenitra,MA,2021-11-08 03:01:30,34.261,-6.5802,43.56,65,0,4.14,clear sky
512,Golden,US,2021-11-08 02:58:45,39.7555,-105.2211,61.41,19,40,3.0,scattered clouds
513,Rakai,UG,2021-11-08 03:01:31,-0.72,31.4839,58.51,93,76,3.56,broken clouds
514,Sobrado,PT,2021-11-08 03:01:31,41.2104,-8.4549,53.62,70,0,5.99,clear sky
515,Kahramanmaras,TR,2021-11-08 03:01:31,38.0,37.0,34.43,44,95,2.84,overcast clouds
516,Kalmunai,LK,2021-11-08 03:01:32,7.4167,81.8167,78.89,80,100,3.85,overcast clouds
517,Pecos,US,2021-11-08 03:01:32,31.4229,-103.4932,69.3,42,1,8.05,clear sky
518,Zyryanka,RU,2021-11-08 03:01:32,65.75,150.85,4.93,93,99,8.93,overcast clouds
519,Nuuk,GL,2021-11-08 03:01:33,64.1835,-51.7216,23.61,80,0,10.36,clear sky
520,Dakar,SN,2021-11-08 03:01:08,14.6937,-17.4441,76.08,66,57,17.9,broken clouds
521,Genhe,CN,2021-11-08 03:01:33,50.7833,121.5167,23.23,45,0,3.89,clear sky
522,Porto Velho,BR,2021-11-08 02:58:44,-8.7619,-63.9039,75.25,94,0,0.0,clear sky
523,Buala,SB,2021-11-08 03:01:34,-8.145,159.5921,86.16,60,73,7.27,broken clouds
524,Burla,IN,2021-11-08 03:01:34,21.5,83.8667,70.41,55,11,4.72,few clouds
525,Shellbrook,CA,2021-11-08 02:58:54,53.2168,-106.4011,27.63,62,89,6.69,overcast clouds
526,Chilchota,MX,2021-11-08 03:01:34,19.85,-102.1333,55.62,45,87,3.91,overcast clouds
527,Liberty,US,2021-11-08 02:58:40,31.8335,-81.5004,54.27,1,0,4.07,clear sky
528,Bojkovice,CZ,2021-11-08 03:01:35,49.0386,17.8149,43.83,82,100,3.13,overcast clouds
529,Bagdarin,RU,2021-11-08 03:01:35,54.4333,113.6,17.4,64,100,2.8,overcast clouds
530,Shubarshi,KZ,2021-11-08 03:01:35,48.5872,57.1869,32.63,64,93,4.68,overcast clouds
531,Kenora,CA,2021-11-08 02:57:15,49.8167,-94.4337,49.17,66,75,4.61,broken clouds
532,Warrnambool,AU,2021-11-08 03:01:36,-38.3833,142.4833,56.91,58,93,7.7,overcast clouds
533,Luena,AO,2021-11-08 03:01:36,-11.7833,19.9167,63.43,83,59,3.6,broken clouds
534,Mitsamiouli,KM,2021-11-08 03:01:36,-11.3847,43.2844,78.96,76,45,9.33,scattered clouds
535,Hamilton,US,2021-11-08 03:01:37,39.1834,-84.5333,51.44,72,7,3.56,clear sky
536,Dali,CN,2021-11-08 03:01:37,25.7,100.1833,61.12,47,4,0.49,clear sky
537,Turayf,SA,2021-11-08 03:01:37,31.6725,38.6637,57.69,40,0,8.79,clear sky
538,Ormara,PK,2021-11-08 03:01:38,25.2088,64.6357,78.94,35,0,6.13,clear sky
539,Egvekinot,RU,2021-11-08 03:01:38,66.3167,-179.1667,0.45,79,20,0.83,few clouds
540,Ciudad Bolivar,VE,2021-11-08 03:01:39,8.1222,-63.5497,77.14,85,100,9.84,overcast clouds
541,Behshahr,IR,2021-11-08 03:01:39,36.6923,53.5526,50.04,76,0,5.26,clear sky
542,Verkhoyansk,RU,2021-11-08 03:01:39,67.5447,133.385,-14.22,89,31,2.64,scattered clouds
543,Dingalan,PH,2021-11-08 03:01:40,15.3897,121.3929,81.39,83,100,8.41,heavy intensity rain
544,Goderich,CA,2021-11-08 03:01:32,43.7501,-81.7165,49.55,88,48,9.48,scattered clouds
545,Kavaratti,IN,2021-11-08 03:01:40,10.5669,72.642,81.52,75,100,7.43,overcast clouds
546,Carutapera,BR,2021-11-08 03:01:40,-1.195,-46.02,77.85,85,62,5.21,broken clouds
547,Kondoa,TZ,2021-11-08 03:01:41,-4.9,35.7833,62.49,84,100,4.52,overcast clouds
548,Gwadar,PK,2021-11-08 03:01:41,25.1216,62.3254,75.79,45,0,4.54,clear sky
549,Sangar,RU,2021-11-08 03:01:41,63.9242,127.4739,0.97,93,100,16.13,light snow
550,Necochea,AR,2021-11-08 03:01:42,-38.5473,-58.7368,53.04,87,74,12.8,broken clouds
551,Dafeng,CN,2021-11-08 03:01:42,23.4517,108.5881,57.76,49,90,13.15,overcast clouds
552,Asfi,MA,2021-11-08 03:02:42,32.2994,-9.2372,56.14,68,0,12.59,clear sky
553,Kautokeino,NO,2021-11-08 03:02:43,69.0125,23.0412,12.6,88,100,4.07,overcast clouds
554,Yarmouth,US,2021-11-08 03:02:43,41.7057,-70.2286,53.71,78,1,7.0,clear sky
555,Gamba,GA,2021-11-08 03:02:44,-2.65,10.0,75.18,92,100,4.03,moderate rain
556,Krasnoselkup,RU,2021-11-08 03:02:44,65.7,82.4667,32.4,98,100,20.67,light snow
557,Yukhnov,RU,2021-11-08 03:02:45,54.7444,35.2297,41.04,80,100,11.97,moderate rain
558,Inverell,AU,2021-11-08 03:02:45,-29.7833,151.1167,75.67,67,93,3.0,light rain
559,Taksimo,RU,2021-11-08 03:02:45,56.3444,114.8794,10.54,84,100,1.57,overcast clouds
560,Aykhal,RU,2021-11-08 03:02:46,66.0,111.5,17.82,94,97,18.95,overcast clouds
561,Bereda,ES,2021-11-08 03:02:46,43.2686,-7.5406,49.01,100,100,2.64,overcast clouds
562,Kharovsk,RU,2021-11-08 03:02:46,59.9642,40.1912,32.9,98,100,7.29,snow
563,Saint-Paul-Les-Dax,FR,2021-11-08 03:02:47,43.7272,-1.0516,56.64,97,75,2.3,broken clouds
564,Jieshi,CN,2021-11-08 03:02:47,22.8134,115.8257,67.95,58,26,16.55,scattered clouds
565,Vila,PT,2021-11-08 03:02:48,42.0304,-8.1588,44.33,91,98,4.52,overcast clouds
566,Fort Nelson,CA,2021-11-08 02:58:49,58.8053,-122.7002,24.39,93,90,0.0,light shower snow
567,Omagari,JP,2021-11-08 03:02:48,39.45,140.4833,64.36,63,36,13.29,scattered clouds
568,Morgan City,US,2021-11-08 03:02:49,29.6994,-91.2068,52.02,100,1,0.0,mist
569,Amarkantak,IN,2021-11-08 03:02:49,22.6667,81.75,65.35,42,37,4.18,scattered clouds
570,Przhevalskoye,RU,2021-11-08 03:02:49,55.5093,31.8482,40.87,94,100,10.89,overcast clouds
571,Sembakung,ID,2021-11-08 03:02:50,3.8167,117.25,82.33,76,84,1.21,broken clouds
572,Chisinau,MD,2021-11-08 03:02:50,47.0056,28.8575,54.93,98,99,3.0,overcast clouds
573,Guayaramerin,BO,2021-11-08 03:02:50,-10.8368,-65.3614,72.45,96,99,1.61,overcast clouds
574,Escanaba,US,2021-11-08 03:01:57,45.7453,-87.0646,52.23,97,100,4.0,overcast clouds
575,Tiznit,MA,2021-11-08 03:02:51,29.5833,-9.5,53.98,43,0,5.44,clear sky
576,Banff,CA,2021-11-08 03:02:51,51.1762,-115.5698,29.91,76,6,4.38,clear sky
577,Najran,SA,2021-11-08 03:02:51,17.4924,44.1277,59.02,29,0,0.74,clear sky
578,Gambela,ET,2021-11-08 03:02:52,8.25,34.5833,71.42,75,11,4.5,few clouds
579,Kutum,SD,2021-11-08 03:02:52,14.2,24.6667,67.24,28,6,7.16,clear sky
580,Vila Franca Do Campo,PT,2021-11-08 03:02:52,37.7167,-25.4333,70.2,74,35,11.74,scattered clouds
581,Agua Verde,MX,2021-11-08 03:02:53,22.9,-106.05,82.13,77,22,6.04,few clouds
582,Petrozavodsk,RU,2021-11-08 03:02:53,61.7849,34.3469,33.37,81,100,13.33,snow
583,Inta,RU,2021-11-08 03:02:54,66.0317,60.1659,22.23,94,100,6.44,overcast clouds
584,Victor Harbor,AU,2021-11-08 02:57:56,-35.5667,138.6167,68.79,52,39,1.01,scattered clouds
585,Granger,US,2021-11-08 03:02:54,41.7481,-86.1257,54.9,77,1,11.5,clear sky
586,Inirida,CO,2021-11-08 03:02:55,3.8653,-67.9239,73.83,98,99,0.89,overcast clouds
587,Plettenberg Bay,ZA,2021-11-08 03:02:55,-34.0527,23.3716,58.06,91,100,4.25,light rain
588,Kisangani,CD,2021-11-08 03:02:55,0.5167,25.2,68.36,99,100,0.74,overcast clouds
589,Arlit,NE,2021-11-08 03:02:56,18.7369,7.3853,76.64,14,57,8.14,broken clouds
590,Tocopilla,CL,2021-11-08 03:02:56,-22.092,-70.1979,64.56,69,11,6.8,few clouds
591,Asau,RO,2021-11-08 03:02:56,46.4333,26.4,50.76,86,100,5.77,overcast clouds
592,Prerov,CZ,2021-11-08 03:02:57,49.4551,17.4509,44.44,73,100,7.25,overcast clouds
593,Tecpan,GT,2021-11-08 03:02:57,14.7623,-90.9947,53.37,98,55,6.69,broken clouds
594,Bodden Town,KY,2021-11-08 03:02:57,19.2833,-81.25,80.6,66,75,8.01,broken clouds
595,Grand Gaube,MU,2021-11-08 03:02:58,-20.0064,57.6608,78.39,72,21,5.01,few clouds
596,Shimoda,JP,2021-11-08 03:03:58,34.6667,138.95,69.91,66,62,21.54,broken clouds
597,Fougamou,GA,2021-11-08 03:03:59,-1.2154,10.5838,70.14,98,100,0.43,overcast clouds
598,Renfrew,GB,2021-11-08 03:00:54,55.872,-4.3925,44.15,91,92,3.44,overcast clouds
599,Sola,VU,2021-11-08 03:03:59,-13.8833,167.55,81.63,74,26,10.76,scattered clouds
600,Namie,JP,2021-11-08 03:03:59,37.4833,141.0,67.71,83,54,13.65,broken clouds
601,Catio,GW,2021-11-08 03:04:00,11.2833,-15.25,78.89,88,48,4.74,light rain
602,Mongu,ZM,2021-11-08 03:04:00,-15.2484,23.1274,76.91,29,100,4.07,overcast clouds
603,Clyde River,CA,2021-11-08 02:59:52,70.4692,-68.5914,10.85,90,43,11.52,scattered clouds
604,Baruun-Urt,MN,2021-11-08 03:01:09,46.6806,113.2792,24.19,50,7,6.31,clear sky
605,Fort-Shevchenko,KZ,2021-11-08 03:04:01,44.5086,50.263,52.56,85,88,5.7,overcast clouds
606,Mnogovershinnyy,RU,2021-11-08 03:04:01,53.9353,139.9242,23.58,69,95,18.19,overcast clouds
607,Benghazi,LY,2021-11-08 03:00:23,32.1167,20.0667,70.07,54,77,11.7,broken clouds
608,Torres,BR,2021-11-08 03:04:02,-29.3353,-49.7269,61.83,73,96,1.59,overcast clouds
609,Ayorou,NE,2021-11-08 03:04:03,14.7308,0.9174,81.46,15,69,6.44,broken clouds
610,Zheleznodorozhnyy,RU,2021-11-08 03:04:03,55.7503,38.0042,45.21,74,100,11.59,light rain
611,Vengerovo,RU,2021-11-08 03:04:03,55.6848,76.7471,29.77,61,100,18.3,overcast clouds
612,Billings,US,2021-11-08 03:00:24,45.7833,-108.5007,44.51,60,93,1.99,overcast clouds
613,Piacabucu,BR,2021-11-08 03:04:04,-10.4056,-36.4344,77.2,88,23,10.25,few clouds
614,Goksun,TR,2021-11-08 03:04:04,38.021,36.4973,34.75,44,91,5.61,overcast clouds
615,Vilyuysk,RU,2021-11-08 03:04:05,63.7553,121.6247,22.24,94,100,10.76,light snow
616,Hearst,CA,2021-11-08 03:02:02,49.6835,-83.6665,43.63,91,95,4.9,overcast clouds
617,Altay,CN,2021-11-08 03:04:05,47.8667,88.1167,21.76,54,0,4.68,clear sky
618,Jaisalmer,IN,2021-11-08 03:04:06,26.9147,70.9181,79.0,21,2,2.13,clear sky
619,Jalor,IN,2021-11-08 03:04:06,25.35,72.6167,78.04,25,94,2.77,overcast clouds
620,Pangkalanbuun,ID,2021-11-08 03:04:06,-2.6833,111.6167,76.48,94,100,3.15,light rain
621,Tambopata,PE,2021-11-08 03:04:07,-12.7333,-69.1833,68.02,83,100,2.37,overcast clouds
622,Sistranda,NO,2021-11-08 03:04:07,63.7256,8.834,34.9,70,100,9.84,overcast clouds
623,Cacu,BR,2021-11-08 03:04:07,-18.5567,-51.1308,75.63,72,46,1.77,scattered clouds
624,Bani Walid,LY,2021-11-08 03:04:08,31.7566,13.9942,69.76,30,24,7.99,few clouds
625,Luwuk,ID,2021-11-08 03:04:08,-0.9516,122.7875,85.8,76,93,2.42,overcast clouds
626,Peniche,PT,2021-11-08 03:04:09,39.3558,-9.3811,57.61,77,81,8.34,broken clouds
627,Palmer,US,2021-11-08 03:04:09,42.1584,-72.3287,43.47,70,100,4.43,overcast clouds
628,Omboue,GA,2021-11-08 03:04:09,-1.5746,9.2618,76.48,91,100,5.19,overcast clouds
629,Bali,ID,2021-11-08 03:04:10,-8.5,115.0,86.97,70,98,6.33,overcast clouds
630,Champerico,GT,2021-11-08 03:04:10,14.3,-91.9167,80.35,80,69,1.34,broken clouds
631,The Valley,AI,2021-11-08 03:04:10,18.217,-63.0578,77.83,76,59,14.47,broken clouds
632,North Platte,US,2021-11-08 03:04:11,41.1239,-100.7654,62.38,45,1,6.91,clear sky
633,Sao Miguel Do Iguacu,BR,2021-11-08 03:04:11,-25.3481,-54.2378,74.28,82,7,3.4,clear sky
634,Kalas,IN,2021-11-08 03:04:12,18.1667,74.8,71.76,49,97,5.84,overcast clouds
635,Ust-Maya,RU,2021-11-08 03:04:12,60.4167,134.5333,8.64,91,99,5.64,overcast clouds
636,Belyy Yar,RU,2021-11-08 03:04:12,53.6039,91.3903,40.89,52,0,11.18,clear sky
637,Shiyan,CN,2021-11-08 03:04:13,32.6475,110.7781,49.12,47,0,7.49,clear sky
638,Tadine,NC,2021-11-08 03:04:13,-21.55,167.8833,77.11,57,60,6.26,broken clouds
639,Turtas,RU,2021-11-08 03:04:14,58.9417,69.1325,32.47,98,100,10.33,light snow
640,Glendive,US,2021-11-08 03:04:14,47.1053,-104.7125,36.18,69,1,10.36,clear sky
641,Alice Springs,AU,2021-11-08 03:04:14,-23.7,133.8833,88.74,38,82,18.72,light rain
642,Inhambane,MZ,2021-11-08 03:04:15,-23.865,35.3833,71.71,89,57,4.05,broken clouds
643,Namatanai,PG,2021-11-08 03:04:15,-3.6667,152.4333,86.63,60,69,11.81,broken clouds
644,Berbera,SO,2021-11-08 03:04:15,10.4396,45.0143,79.05,67,9,2.93,clear sky
645,Eyl,SO,2021-11-08 03:05:16,7.9803,49.8164,74.71,79,20,9.15,few clouds
646,Cortes,ES,2021-11-08 03:05:16,41.9395,-1.4396,53.65,78,90,25.48,overcast clouds
647,Norilsk,RU,2021-11-08 03:05:16,69.3535,88.2027,18.09,96,100,5.57,light snow
648,Kloulklubed,PW,2021-11-08 03:05:17,7.0419,134.2556,81.1,76,99,17.27,overcast clouds
649,Del Rio,US,2021-11-08 03:05:17,29.3627,-100.8968,66.31,64,1,9.22,clear sky
650,Lugovoy,KZ,2021-11-08 03:05:17,42.9472,72.7644,30.02,61,40,4.29,scattered clouds
651,Prince George,CA,2021-11-08 03:00:54,53.9166,-122.753,30.25,99,90,6.91,fog
652,Xihe,CN,2021-11-08 03:05:18,31.6864,113.4659,48.69,40,1,7.05,clear sky
653,Kirakira,SB,2021-11-08 03:05:18,-10.4544,161.9205,86.0,67,4,7.2,clear sky
654,Warrington,GB,2021-11-08 03:05:19,53.3925,-2.5802,48.49,88,40,1.01,scattered clouds
655,Kilembe,UG,2021-11-08 03:02:18,0.2,30.0,59.88,79,88,4.61,overcast clouds
656,Turgoyak,RU,2021-11-08 03:05:19,55.15,60.1183,35.47,85,100,11.23,overcast clouds
657,Daru,PG,2021-11-08 03:05:19,-9.0763,143.2092,85.24,74,56,9.15,broken clouds
658,Lamu,KE,2021-11-08 03:05:20,-2.2717,40.902,71.82,80,66,8.05,broken clouds
659,Parambu,BR,2021-11-08 03:05:20,-6.2111,-40.6944,74.19,81,85,3.36,overcast clouds
660,Ouallam,NE,2021-11-08 03:05:21,14.3188,2.0866,82.49,13,29,6.22,scattered clouds
661,Bumba,CD,2021-11-08 03:05:21,2.1833,22.4667,71.1,96,91,2.06,overcast clouds
662,Mildura,AU,2021-11-08 03:02:28,-34.2,142.15,71.08,46,67,10.49,broken clouds
663,Raudeberg,NO,2021-11-08 03:05:21,61.9875,5.1352,38.86,80,93,4.0,overcast clouds
664,La Rioja,ES,2021-11-08 03:05:22,42.25,-2.5,46.18,96,100,7.56,overcast clouds
665,Conselheiro Lafaiete,BR,2021-11-08 03:01:24,-20.6603,-43.7861,63.45,98,77,6.06,broken clouds
666,Kongolo,CD,2021-11-08 03:05:22,-5.3833,27.0,67.62,98,98,2.42,overcast clouds
667,Akyab,MM,2021-11-08 03:05:23,20.15,92.9,79.88,74,98,5.68,overcast clouds
668,Manama,BH,2021-11-08 03:02:37,26.2154,50.5832,77.34,73,20,2.3,few clouds
669,Valdosta,US,2021-11-08 03:05:23,30.8327,-83.2785,54.14,86,1,0.0,clear sky
670,Iqaluit,CA,2021-11-08 03:05:23,63.7506,-68.5145,8.33,84,1,18.01,clear sky
671,Morondava,MG,2021-11-08 03:05:24,-20.2833,44.2833,75.54,89,2,5.03,clear sky
672,Fairbanks,US,2021-11-08 03:05:24,64.8378,-147.7164,24.76,90,90,0.0,mist
673,Arica,CL,2021-11-08 03:01:42,-18.475,-70.3042,62.37,86,75,1.07,broken clouds
674,Risod,IN,2021-11-08 03:05:25,19.9667,76.7833,69.82,47,73,7.72,broken clouds
675,Gornorechenskiy,RU,2021-11-08 03:05:25,44.2624,135.1133,45.3,56,82,7.4,light rain
676,Hami,CN,2021-11-08 03:05:25,42.8,93.45,29.62,36,3,6.91,clear sky
677,Saint-Pierre,RE,2021-11-08 03:05:26,-21.3393,55.4781,75.56,68,0,4.61,clear sky
678,Vanimo,PG,2021-11-08 03:01:16,-2.6741,141.3028,86.56,66,51,9.66,broken clouds
679,Muyezerskiy,RU,2021-11-08 03:05:26,63.9333,31.65,24.15,90,57,6.08,broken clouds
680,Kitovo,RU,2021-11-08 03:05:26,56.8659,41.2825,42.21,84,100,13.24,moderate rain
681,Barsovo,RU,2021-11-08 03:05:27,61.1667,73.1667,32.13,98,100,11.43,light snow
682,Songkhla,TH,2021-11-08 03:05:27,6.8333,100.6667,86.05,67,89,5.01,overcast clouds
683,Waterloo,CA,2021-11-08 03:01:08,43.4668,-80.5164,48.6,92,60,5.99,broken clouds
684,Rundu,NA,2021-11-08 03:05:28,-17.9333,19.7667,72.73,59,100,5.37,overcast clouds
685,Constitucion,CL,2021-11-08 03:05:28,-35.3333,-72.4167,54.48,82,4,13.62,clear sky
686,Filadelfia,US,2021-11-08 03:02:04,39.9523,-75.1638,48.94,63,100,5.82,overcast clouds
687,Ilebo,CD,2021-11-08 03:02:17,-4.3167,20.5833,69.58,99,92,1.21,overcast clouds
688,Poum,NC,2021-11-08 03:05:29,-20.2333,164.0167,76.05,79,90,15.73,overcast clouds
689,Maceio,BR,2021-11-08 03:03:11,-9.6658,-35.7353,80.04,89,40,4.61,scattered clouds
690,Acajutla,SV,2021-11-08 03:05:29,13.5928,-89.8275,78.69,61,80,7.49,broken clouds
691,Parana,AR,2021-11-08 03:01:06,-31.732,-60.5238,70.56,68,4,2.75,clear sky
692,Bulungu,CD,2021-11-08 03:05:30,-4.55,18.6,69.78,97,91,1.1,overcast clouds
693,Kibre Mengist,ET,2021-11-08 03:06:30,5.8833,38.9833,57.51,96,74,2.06,broken clouds
694,Thiers,FR,2021-11-08 03:06:30,45.8333,3.5,47.57,98,100,2.06,overcast clouds
695,Fukue,JP,2021-11-08 03:06:31,32.6881,128.8419,67.23,84,100,26.73,moderate rain
696,Lubumbashi,CD,2021-11-08 03:06:31,-11.6609,27.4794,64.17,48,43,2.98,scattered clouds
697,Bhum,IN,2021-11-08 03:06:32,18.4667,75.6667,72.28,44,36,11.18,scattered clouds
698,Harrisburg,US,2021-11-08 03:02:40,40.2737,-76.8844,47.39,75,1,1.99,clear sky
699,Aswan,EG,2021-11-08 03:06:32,24.0934,32.907,74.7,34,0,8.16,clear sky
700,Tombouctou,ML,2021-11-08 03:06:32,20.0,-3.0,74.59,23,3,8.97,clear sky
701,Sakakah,SA,2021-11-08 03:06:33,29.9697,40.2064,59.45,37,0,4.56,clear sky
702,Dawlatabad,AF,2021-11-08 03:06:33,36.4141,64.9053,42.44,58,99,3.56,overcast clouds
703,Balikpapan,ID,2021-11-08 03:06:33,-1.2675,116.8289,79.79,94,75,3.44,light rain
704,Tairua,NZ,2021-11-08 03:06:34,-37.0167,175.85,69.1,61,33,8.16,scattered clouds
705,Harper,LR,2021-11-08 03:06:34,4.375,-7.7169,78.53,87,100,5.75,overcast clouds
706,Sibolga,ID,2021-11-08 03:06:34,1.7427,98.7792,77.23,91,100,1.92,overcast clouds
707,Sault Sainte Marie,CA,2021-11-08 03:05:17,46.5168,-84.3333,48.49,76,1,5.75,clear sky
708,Cayenne,GF,2021-11-08 03:06:35,4.9333,-52.3333,81.09,83,75,5.99,broken clouds
709,Jiamusi,CN,2021-11-08 03:06:36,46.8333,130.35,24.15,96,100,13.58,snow
710,Changli,CN,2021-11-08 03:06:36,39.7042,119.1506,29.32,77,81,14.43,broken clouds
711,Kozhanka,UA,2021-11-08 03:06:36,49.9793,29.7381,42.75,86,100,8.75,overcast clouds
712,Kachug,RU,2021-11-08 03:06:37,53.9606,105.8817,29.7,73,100,4.18,overcast clouds
713,Puerto Escondido,MX,2021-11-08 03:06:37,15.85,-97.0667,78.37,80,96,3.94,overcast clouds
714,Kumluca,TR,2021-11-08 03:06:37,36.3703,30.2869,70.43,30,73,4.59,broken clouds
715,Asyut,EG,2021-11-08 03:06:38,27.181,31.1837,67.75,44,0,4.56,clear sky
716,Linxia,CN,2021-11-08 03:06:38,35.6003,103.2064,29.07,50,86,1.45,overcast clouds
717,Porbandar,IN,2021-11-08 03:06:38,21.6422,69.6093,76.98,41,20,8.05,smoke
718,Aleksandrovka,UA,2021-11-08 03:06:39,46.8383,32.7612,51.78,97,42,8.03,scattered clouds
719,Logon,PH,2021-11-08 03:06:39,11.3303,124.1146,84.81,74,29,8.7,scattered clouds
